{
    "$schema": "https://go.kicad.org/pcm/schemas/v1",
    "name": "Alternate Kicad Library",
    "description": "Symbol and Footprint library focused on improving schematic and PCB readability and aesthetics, mainly intended for hobbyist use",
    "description_full": "Current version: 2.0\n\nYou need to manually update the library tables in the Library Manager in order to use this library. Refer to the GitHub link below.\n\nAKL started as a modification of the KiCAD library, where select footprints received new silkscreen markings helpful during hand-assembly. The list of footprints that have been modified and added has been greatly expanded, along with brand new footprints and footprint libraries. Double-layer silkscreen variants have been added where symbols have additional information on the bottom silkscreen layer for easier troubleshooting.\nAlternate KiCAD Library now contains massive symbol library (over 20 000 symbols as of version 2.0) with Diodes, Transistors, SCRs and Optocouplers. Each symbol is a separate orderable part number (example 1N4001, 1N4002, 1N4003 etc.), each has pre-assigned footprint and a datasheet link.",
    "identifier": "com.github.dawidcislo.alternate-kicad-library",
    "type": "library",
    "author": {
        "name": "Dawid Cisło",
        "contact": {
            "email": "dawid_cislo@o2.pl"
        }
    },
    "license": "CC-BY-SA",
    "resources": {
        "Github": "https://github.com/DawidCislo/Alternate-KiCad-Library"
    },
    "tags": [
        "footprints", 
        "symbols"
    ],
    "versions": [{
        "version": "2.0",
        "status": "stable",
        "kicad_version": "6.0"
    }]
}
