﻿designator,quantity,value,pack,mpn,mount_type
"C1, C2",2,22pF,C_0805_2012Metric,,smt
"C3, C4, C5, C6",4,0.1uF,C_0805_2012Metric,,smt
C7,1,10uF,C_0805_2012Metric,,smt
C8,1,1uF,C_0805_2012Metric,,smt
C9,1,4.7uF,C_0805_2012Metric,,smt
"D1, D2",2,D,Diode-Hybrid-Back,,smt
F1,1,500mA Hold,Fuse_1206_3216Metric,,smt
"R1, R2",2,10k,R_0805_2012Metric,,smt
"SW1, SW2",2,SW,MB_KailhChoc-1U_17mm,,tht
SW50,1,SW_Push,SKQG-1155865,,smt
U1,1,ATmega32U4,TQFP-44_10x10mm_P0.8mm,,smt
U2,1,PRTR5V0U2X,SOT-143B,,smt
UR1,1,1M,R_0805,,smt
"UR2, UR3",2,5.1k,R_0805,,smt
"UR4, UR5",2,22,R_0805,,smt
USB1,1,HRO-TYPE-C-31-M-12,HRO-TYPE-C-31-M-12-Assembly,,smt
X1,1,XTAL_GND,Crystal_SMD_SeikoEpson_FA238-4Pin_3.2x2.5mm,,smt
