﻿pos_x,pos_y,rotation,side,designator,mpn,pack,value,mount_type,place
123.65,-93.6,-90.0,bottom,C1,,C_0805_2012Metric,22pF,smt,True
116.45,-93.6,-90.0,bottom,C2,,C_0805_2012Metric,22pF,smt,True
111.925,-85.6,-90.0,bottom,C3,,C_0805_2012Metric,0.1uF,smt,True
130.35,-85.68,90.0,bottom,C4,,C_0805_2012Metric,0.1uF,smt,True
116.8,-72.1,0.0,bottom,C5,,C_0805_2012Metric,0.1uF,smt,True
111.925,-72.55,-90.0,bottom,C6,,C_0805_2012Metric,0.1uF,smt,True
127.75,-71.725,180.0,bottom,C7,,C_0805_2012Metric,10uF,smt,True
130.375,-81.675,-90.0,bottom,C8,,C_0805_2012Metric,1uF,smt,True
157.4,-68.55,0.0,bottom,C9,,C_0805_2012Metric,4.7uF,smt,True
113.05,-62.4,-90.0,top,D1,,Diode-Hybrid-Back,D,smt,True
115.05,-62.4,-90.0,top,D2,,Diode-Hybrid-Back,D,smt,True
148.1,-87.3,180.0,bottom,F1,,Fuse_1206_3216Metric,500mA Hold,smt,True
106.8,-70.575,-90.0,bottom,R1,,R_0805_2012Metric,10k,smt,True
111.95,-76.55,90.0,bottom,R2,,R_0805_2012Metric,10k,smt,True
140.75,-61.2,-90.0,top,SW1,,MB_KailhChoc-1U_17mm,SW,tht,True
123.75,-61.2,-90.0,top,SW2,,MB_KailhChoc-1U_17mm,SW,tht,True
105.075,-82.025,-90.0,bottom,SW50,,SKQG-1155865,SW_Push,smt,True
120.96875,-81.45375,180.0,bottom,U1,,TQFP-44_10x10mm_P0.8mm,ATmega32U4,smt,True
148.3,-82.3,180.0,bottom,U2,,SOT-143B,PRTR5V0U2X,smt,True
157.325,-73.66,0.0,bottom,UR1,,R_0805,1M,smt,True
153.35,-78.3,90.0,bottom,UR2,,R_0805,5.1k,smt,True
152.85,-87.3,90.0,bottom,UR3,,R_0805,5.1k,smt,True
143.55,-81.15,180.0,bottom,UR4,,R_0805,22,smt,True
143.55,-83.65,0.0,bottom,UR5,,R_0805,22,smt,True
165.4125,-82.81,-90.0,bottom,USB1,,HRO-TYPE-C-31-M-12-Assembly,HRO-TYPE-C-31-M-12,smt,True
120.05,-93.6,0.0,bottom,X1,,Crystal_SMD_SeikoEpson_FA238-4Pin_3.2x2.5mm,XTAL_GND,smt,True
